[
  {
    "ap": 6,
    "cost": 7,
    "damageModifiers": [
      {
        "damageType": 12,
        "id": "ac49ba26",
        "modifier": -1
      }
    ],
    "description": "",
    "hp": 17,
    "id": "22a08915",
    "moves": [
      {
        "altCost": 0,
        "apCost": 6,
        "damage": 12,
        "damageType": 0,
        "effects": [],
        "id": "1b74ca91",
        "lineOfSight": true,
        "linear": false,
        "name": "Crushing Fangs",
        "physical": true,
        "range": 1,
        "target": 1
      },
      {
        "altCost": 0,
        "apCost": 4,
        "damage": 7,
        "damageType": 0,
        "effects": [
          {
            "id": "c66df75d",
            "removeEffect": false,
            "statusEffect": 1,
            "target": 1,
            "turns": 1
          }
        ],
        "id": "cdc88e29",
        "lineOfSight": true,
        "linear": false,
        "name": "Lacerate",
        "physical": true,
        "range": 1,
        "target": 1
      }
    ],
    "mp": 6,
    "name": "Prowler",
    "type": 0
  },
  {
    "ap": 4,
    "cost": 2,
    "damageModifiers": [
      {
        "damageType": 9,
        "id": "52dd7896",
        "modifier": 1
      },
      {
        "damageType": 8,
        "id": "bb5598e3",
        "modifier": -1
      }
    ],
    "description": "",
    "hp": 12,
    "id": "6cd0fda4",
    "moves": [
      {
        "altCost": 0,
        "apCost": 2,
        "damage": 3,
        "damageType": 10,
        "effects": [],
        "id": "266907db",
        "lineOfSight": true,
        "linear": false,
        "minRange": 1,
        "name": "Null Sphere",
        "physical": false,
        "range": 3,
        "target": 1
      },
      {
        "altCost": 0,
        "apCost": 2,
        "effects": [
          {
            "damageMod": {
              "damageType": 9,
              "id": "8c156bbb",
              "modifier": -1
            },
            "id": "e1d67155",
            "removeEffect": false,
            "target": 1
          }
        ],
        "id": "ca79ed30",
        "lineOfSight": true,
        "linear": false,
        "minRange": 1,
        "name": "Vex",
        "range": 3,
        "target": 1
      },
      {
        "altCost": 0,
        "effects": [
          {
            "id": "50d52fda",
            "removeEffect": false,
            "statusEffect": 14,
            "target": 0
          }
        ],
        "id": "d259dd9a",
        "linear": false,
        "name": "",
        "target": 0
      }
    ],
    "mp": 3,
    "name": "Nether Scamp",
    "type": 5
  },
  {
    "ap": 6,
    "cost": 10,
    "damageModifiers": [
      {
        "damageType": 0,
        "id": "fba24f6a",
        "modifier": 3
      },
      {
        "damageType": 5,
        "id": "c1b35b98",
        "modifier": -1
      }
    ],
    "description": "",
    "hp": 22,
    "id": "cce49213",
    "moves": [
      {
        "altCost": 0,
        "apCost": 6,
        "damage": 12,
        "damageType": 1,
        "effects": [
          {
            "damageMod": {
              "damageType": 11,
              "id": "7e383b3b",
              "modifier": -1
            },
            "id": "305f3c97",
            "removeEffect": false,
            "target": 1
          }
        ],
        "id": "6d80486f",
        "lineOfSight": true,
        "linear": false,
        "name": "Scorching Hooves",
        "physical": true,
        "range": 1,
        "target": 1
      },
      {
        "altCost": 0,
        "apCost": 4,
        "areaOfEffectSize": 1,
        "areaOfEffectType": 2,
        "damage": 7,
        "damageType": 1,
        "effects": [
          {
            "effectChance": 20,
            "id": "8db7975b",
            "removeEffect": false,
            "statusEffect": 4,
            "target": 1,
            "turns": 1
          }
        ],
        "id": "881ecb6c",
        "lineOfSight": true,
        "linear": false,
        "minRange": 1,
        "name": "Molten Mortar",
        "physical": false,
        "range": 4,
        "target": 1
      },
      {
        "altCost": 0,
        "effects": [
          {
            "effectDescription": "4 ranged fire damage to any enemy that finishes their turn within 2 cells of self",
            "id": "a1633f04",
            "removeEffect": false,
            "target": 1
          }
        ],
        "id": "36e46c94",
        "linear": false,
        "name": "Searing Heat",
        "target": 1
      }
    ],
    "mp": 3,
    "name": "Volcanicorn",
    "type": 1
  },
  {
    "ap": 6,
    "cost": 5,
    "damageModifiers": [
      {
        "damageType": 1,
        "id": "7db0e643",
        "modifier": -1
      },
      {
        "damageType": 4,
        "id": "97df8cb6",
        "modifier": 1
      }
    ],
    "description": "",
    "hp": 12,
    "id": "fb377d18",
    "moves": [
      {
        "altCost": 0,
        "apCost": 3,
        "damage": 3,
        "damageType": 6,
        "effects": [],
        "id": "2ff12eb7",
        "lineOfSight": true,
        "linear": false,
        "minRange": 1,
        "name": "Hydro Jet",
        "physical": false,
        "range": 4,
        "target": 1
      },
      {
        "altCost": 0,
        "apCost": 4,
        "areaOfEffectSize": 1,
        "areaOfEffectType": 1,
        "damage": 5,
        "damageType": 5,
        "effects": [
          {
            "effectChance": 17,
            "id": "32baedf6",
            "removeEffect": false,
            "statusEffect": 11,
            "target": 1,
            "turns": 1
          },
          {
            "effectDescription": "If in water, AoE size becomes 3 cells",
            "id": "fe56dfe7",
            "removeEffect": false,
            "target": 1
          }
        ],
        "id": "5d307f31",
        "lineOfSight": true,
        "linear": false,
        "name": "Radial Bolt",
        "physical": false,
        "range": 0,
        "target": 1
      },
      {
        "altCost": 0,
        "effects": [
          {
            "id": "21bad946",
            "removeEffect": false,
            "statusEffect": 13,
            "target": 0
          }
        ],
        "id": "fa61706a",
        "linear": false,
        "name": "",
        "target": 0
      }
    ],
    "mp": 4,
    "name": "Hydron",
    "type": 3
  }
]